id,insight_type,insight_text,period_start,period_end,created_at
e01d9672-ae36-42dd-b462-14e7f2b97340,weekly,"## The Rhythm of Progress  
This week had a beautiful cadence—work and connection flowed together at the café, and you outpaced your own expectations. I notice how often ""ate, worked, chatted"" appears in your wins; it’s not just about output, but the *way* you created it. Even your lesson about evening reflections ties to this: you’re learning to honor your energy’s natural rhythms rather than forcing focus when it’s drained.  

## The Tug You Feel  
Your lesson about the ""itch to fix"" versus presence with your son is so familiar to founders. What stands out is your clarity: you see this pattern repeating, and you’re already thinking of backups and boundaries (""if it's just minor changes... it could wait""). That’s wisdom speaking—not guilt, but preparation. And your son’s tiny whine? A gentle reminder that *he* trusts you’ll find the balance, too.  

## A Different Kind of Safety Net  
You’re planning technical backups for the app, but what about emotional ones? When pessimism whispers (""what if none turn paid?""), it’s often a sign that part of you is working without a net. Could ""plan for the worst"" include more than financial contingencies? Maybe a list of what *can’t* be taken from you—like the community you’re building, or the 30-day relationship shift with yourself.  

## One Tiny Anchor  
Next time the fix-it itch arises, pause and ask: *""Is this the kind of emergency that deserves borrowing from my son’s smile?""* (And yes—sometimes the answer will be ""yes,"" and that’s okay too.)",2026-02-23,2026-03-01,2026-02-24 17:34:11.123208+00
93c7d675-c346-4628-b96b-562a2ebd0d9c,weekly,"---
## The Threads That Bind Your Week  
Your wins and lessons weave together three clear threads: **family as fuel** (your son’s smile, revisiting approaches with him), **app progress as purpose** (debugging, beta sign-ups), and **small joys as sustenance** (greenery, seafood by the beach). What stands out is how these threads tangle—your itch to fix the app versus being present for your son, or how rest unexpectedly recharged you. The tension isn’t a flaw; it’s the rhythm of building something meaningful while nurturing what matters most.  

## The Weight You Carry  
You’re shouldering two big things: the hunger to create wealth for your family (that million-dollar empire, lifting them from debt) and the fear of ""what if none turn paid?"" That pessimism isn’t just doubt—it’s love in disguise. You care so deeply about providing that the worry becomes a shadow companion. Yet look at your wins: 30 days of consistent building, a working app, 38 beta sign-ups. These aren’t accidents; they’re proof you’re already weaving the net to catch those fears.  

## A Gentle Reframe  
When you wrote, *""The bug wasn’t fixed and it was really itching not to fix it,""* I heard a founder’s heartbeat—that drive to perfect. But your lesson about preparing for next time (maybe a backup, maybe letting minor changes wait) shows wisdom. What if this isn’t just about time management, but about **trusting your own boundaries**? The app will always have bugs; your son won’t always ask to play. The empire you’re building isn’t just in code—it’s in the legacy of moments with him, too.  

## One Question for the Week Ahead  
*Where could you put a ""pause button"" on the app this week—one intentional, guilt-free hour—to do something silly or slow with your son?* (Think prawns-by-the-beach-level joy.) Notice how that hour affects your creativity afterward.",2026-02-16,2026-02-22,2026-02-24 16:02:22.312206+00
ebbd574e-407d-4f82-bdfb-85e8f36c56f4,monthly,"## The Shape of Your February  
February was a month of building—both your app and your life. The Wheel of Founders app grew from an idea to a fully working product, with 38 beta signups and a community starting to form. Alongside this, you nurtured your family, finding moments of connection with your husband and son, even as the demands of entrepreneurship pulled at your attention. Your energy and mood fluctuated, often tied to progress (or lack of it) with the app, but you ended the month with a sense of accomplishment and a clearer understanding of what truly matters to you.

## What Your Wins Whisper  
Your wins tell a story of balance—between ambition and presence, between creating something meaningful and cherishing the people you love. Moments like your son’s smile at the playground, breakfast dates with your husband, and cuddles during nap time stand out as deeply fulfilling. At the same time, you celebrated milestones like fixing bugs, onboarding users, and growing your Twitter following. These wins reveal that success, for you, isn’t just about the app—it’s about building a life that feels whole and integrated.

## The Lessons That Echo  
Throughout the month, certain lessons kept returning, like gentle nudges from your wiser self. You learned that automation saves cognitive load, that side-by-side work counts as togetherness, and that real users uncover what you miss. You also grappled with the tension between fixing bugs and being present with your son, realizing that sometimes the itch to solve problems can override the need to pause. These lessons remind you that balance isn’t about perfection—it’s about awareness and small, intentional adjustments.

## A Deeper Look: The Work-Family Dance  
The interplay between work and family was a recurring theme this month. You found ways to integrate the two, like switching from laptop to phone while cuddling your son or revisiting your approach with him as you debugged the app. Yet, there were moments when the pull of work felt overwhelming, like when your husband took your son to the playground so you could focus. This dance isn’t easy, but you’re learning to navigate it with more grace, finding ways to honor both your ambition and your love for your family.

## The Quiet Evolution  
From Week 1 to Week 4, a subtle shift unfolded. Early on, you were deeply focused on the app’s progress, often feeling the weight of unfinished tasks. By the end of the month, you seemed more at ease, celebrating both professional milestones and personal moments. You’ve traded some of the urgency for a steadier pace, recognizing that building an empire and building a life happen in tandem. This evolution speaks to your growing confidence—in your app, in your family, and in yourself.

## A Question to Carry Forward  
As you move into March, here’s a question to sit with: How can you create systems that support both your ambition and your presence, so you can thrive as a founder without sacrificing the moments that make life rich? This isn’t about finding a perfect balance but about designing a rhythm that feels sustainable and true to your values.",2026-02-01,2026-02-28,2026-02-19 05:26:34.220007+00